[{"start": 2.48, "end": 10.64, "data": {}}, {"start": 10.94, "end": 15.6, "data": {}}, {"start": 16.3, "end": 25.28, "data": {}}, {"start": 25.58, "end": 26.84, "data": {}}, {"start": 27.18, "end": 29.72, "data": {}}, {"start": 30.02, "end": 39.06, "data": {}}, {"start": 39.7, "end": 40.28, "data": {}}, {"start": 41.66, "end": 42.42, "data": {}}, {"start": 45.92, "end": 54.92, "data": {}}, {"start": 55.9, "end": 60.18, "data": {}}, {"start": 60.56, "end": 65.84, "data": {}}, {"start": 66.46, "end": 71.06, "data": {}}, {"start": 71.4, "end": 76.22, "data": {}}, {"start": 77.16, "end": 81.94, "data": {}}, {"start": 82.26, "end": 83.96, "data": {}}]
